dataset,id,duplicate_of,actual_order,main_name,original_loc,loc,address,compiler_version,original_compiler_version,is_multiple,fail,source
io,2018-14006,,434,NGToken,,249,0x8505185d59ca2b1381a727c3429098c62b18e71a,v0.4.18+commit.9cf6e910,v0.4.18+commit.9cf6e910,False,,
ls,0xfc1078a7bb4521881663df4148434acd991af14c_2,,95,FSK,,373,0xfc1078a7bb4521881663df4148434acd991af14c,v0.4.25+,v0.5.11+commit.c082d0b4,,,
io,2018-13183,,89,JWCToken,,915,0x8fea6eb21213f311e1316330533d12d28a3b6e67,v0.4.18+commit.9cf6e910,v0.4.18+commit.9cf6e910,False,,
ls,0xcd8f866ae90cef4c046101a1bc032cebecfaaa42_1,,54,CENTTOKEN,,666,0xcd8f866ae90cef4c046101a1bc032cebecfaaa42,v0.4.25+,v0.5.2+commit.1df8f40c,,,
io,2018-13509,,184,IamRich,,229,0x1d8ed4b0a3147ed17ea09582b46e0c9635396720,v0.4.19+commit.c4cbbb05,v0.4.19+commit.c4cbbb05,False,,
io,2018-13521,,195,PinkyToken,,205,0xd317ff47dc7e1423e5e050870a66332833e5fd88,v0.4.18+commit.9cf6e910,v0.4.18+commit.9cf6e910,False,,
io,2018-13166,,72,AthletiCoin,,165,0xf21dd3a97e0e767d5b2d79396a61276fa9e27f4b,v0.4.24+commit.e67f0147,v0.4.24+commit.e67f0147,False,,
ls,0x3933e1bd030c3c14407f8eecce81493e066ab5e1_1,,75,EcoDollar,,309,0x3933e1bd030c3c14407f8eecce81493e066ab5e1,v0.4.25+,v0.4.25+commit.59dbf8f1,,,
tx,0xC4f7BF3Afba59211a95511291F766019172FF36e_1,,7,RedCoin,222,222,0xC4f7BF3Afba59211a95511291F766019172FF36e,v0.4.26+commit.4563c3fc,v0.4.26+commit.4563c3fc,,,etherscan
io,2018-13475,,152,VSCToken,,235,0x826020e146be225776a433d1fa301962be6784f5,v0.4.20-nightly.2018.1.6+commit.2548228b,v0.4.20-nightly.2018.1.6+commit.2548228b,False,,
io,2018-13068,,25,AzurionToken,,162,0x9A7069c319E0052e071fcB437c8AA3343555dadC,v0.4.16+commit.d7661dd9,v0.4.16+commit.d7661dd9,False,,
ls,0x3f30a9ac5f4d9cccfe0331948f5a8f5df1ba3856_3,,102,MyAdvancedToken,,253,0x3f30a9ac5f4d9cccfe0331948f5a8f5df1ba3856,v0.4.25+,v0.5.10+commit.5a6ea5b1,,,
io,2018-12230,,23,RemiCoin,,161,0x7Dc4f41294697a7903C4027f6Ac528C5d14cd7eB,v0.4.11+commit.68ef5810,v0.4.11+commit.68ef5810,False,,
io,2018-11335,,7,GVToken,,245,0x103c3a209da59d3e7c4a89307e66521e081cfdf0,v0.4.16+commit.d7661dd9,v0.4.16+commit.d7661dd9,False,,
ls,0xfc1078a7bb4521881663df4148434acd991af14c_1,,94,FSK,,373,0xfc1078a7bb4521881663df4148434acd991af14c,v0.4.25+,v0.5.11+commit.c082d0b4,,,
io,2018-13220,,124,MAVCash,,171,0x61dc161B06088b9cbaaD53391134929A83D1EB7A,v0.4.11+commit.68ef5810,v0.4.11+commit.68ef5810,False,,
ls,0x5f7bb27f7a4702ebce052745cddc1f567ec89e15_1,,57,EthGame,,503,0x5f7bb27f7a4702ebce052745cddc1f567ec89e15,v0.4.25+,v0.5.0+commit.1d4f565a,,,
ls,0x287fda15f8f002e5df9f536f10bbfc0816960f36_2,,85,EncryptedToken,,169,0x287fda15f8f002e5df9f536f10bbfc0816960f36,v0.4.25+,v0.4.16+commit.d7661dd9,,,
io,2018-13479,,156,SlidebitsToken,,243,0xb7fe7b2b723020cf668db4f78992d10f81990fc4,v0.4.19+commit.c4cbbb05,v0.4.19+commit.c4cbbb05,False,,
ls,0x3933e1bd030c3c14407f8eecce81493e066ab5e1_3,,77,EcoDollar,,309,0x3933e1bd030c3c14407f8eecce81493e066ab5e1,v0.4.25+,v0.4.25+commit.59dbf8f1,,,
io,2018-12025,,13,FuturXe,,161,0x9653cFd0865ad8313BEA2f0C2EC0584BFd05115B,v0.4.11+commit.68ef5810,v0.4.11+commit.68ef5810,False,,
io,2018-13126,,51,MoxyOnePresale,,301,0x74fa9aa30b1b35c8f5bdb76f079c2624fc0b6498,v0.4.18+commit.9cf6e910,v0.4.18+commit.9cf6e910,False,,
io,2018-13836,,428,RocketCoin,,119,0x6FC9c554C2363805673F18b3A2b1912cCE8Bfb8a,v0.4.18+commit.9cf6e910,v0.4.18+commit.9cf6e910,False,,
re,reentrancy_simple,,9,Reentrance,29,29,,v0.4.25+,v0.4.25+,,,smartbugs
io,2018-13477,,154,CTESale,,473,0xa6ba0aa61ccd254fd92d548dfe87d06533649c12,v0.4.20-nightly.2017.12.20+commit.efc198d5,v0.4.20-nightly.2017.12.20+commit.efc198d5,False,,
io,2018-13169,,75,Ethereum_Cash_Pro_Coin,,263,0x07E040D474a584cD2E7e4A819fA18420BeB5Eb4f,v0.4.20+commit.3155dd80,v0.4.20+commit.3155dd80,False,,
io,2018-13229,,132,RiptideCoin,,172,0xdd007278b667f6bef52fd0a4c23604aa1f96039a,v0.4.16+commit.d7661dd9,v0.4.16+commit.d7661dd9,False,,
io,2018-13076,,33,Betcash,,164,0x4D391B4350cA1C690eBaf00d35bfcDd5721470F8,v0.4.12+commit.194ff033,v0.4.12+commit.194ff033,False,,
ls,0x5f7bb27f7a4702ebce052745cddc1f567ec89e15_3,,59,EthGame,,503,0x5f7bb27f7a4702ebce052745cddc1f567ec89e15,v0.4.25+,v0.5.0+commit.1d4f565a,,,
ls,0xb60e133dacf00b6f560909dc0a5311ae7f9a659b,,37,GymToken,,143,0xb60e133dacf00b6f560909dc0a5311ae7f9a659b,v0.4.25+,v0.4.19+commit.c4cbbb05,,,
io,2018-13087,,44,MyAdvancedToken,,229,0x294eE9f35988aF1ce361409Cee4251a293D21f5c,v0.4.24+commit.e67f0147,v0.4.24+commit.e67f0147,False,,
io,2018-13186,,92,MMTCoinToken,,244,0xae6d996aA4cf10db1c3a1027b75e7e3bF34a39D2,v0.4.18+commit.9cf6e910,v0.4.18+commit.9cf6e910,False,,
io,2018-13223,,127,RTokenMain,,172,0x79BA6302bdB1c601A54b656E23a5Bc3A2d5914b3,v0.4.8+commit.60cc1668,v0.4.8+commit.60cc1668,False,,
io,2018-13736,,385,ELearningCoinERC,,115,0x5d406656272da7c83966be544910732c4a547f86,v0.4.20+commit.3155dd80,v0.4.20+commit.3155dd80,False,,
io,2018-13158,,64,AssetToken,,110,0x6248211b830ce0191c7643b19f5ddb059e018672,v0.4.11+commit.68ef5810,v0.4.11+commit.68ef5810,False,,
io,2018-13551,,221,Bgamecoin,,205,0x7e5ba6b8937db2e6ad5381d6128773a231676009,v0.4.18+commit.9cf6e910,v0.4.18+commit.9cf6e910,False,,
ls,0x9db3fd94a5bb1acdaef28ae483fe6b0d49746678,,30,URANUS,,227,0x9db3fd94a5bb1acdaef28ae483fe6b0d49746678,v0.4.25+,v0.4.24+commit.e67f0147,,,
ls,0x95195adFb67f28AcFC07CE09eb496188527C0303_3,,93,CNEXToken,,666,0x95195adFb67f28AcFC07CE09eb496188527C0303,v0.4.25+,v0.5.4+commit.9549d8ff,,,
io,2018-13218,,122,ICODollar,,171,0x7dFc425c0425D69CA577d76c6D53A26A6C2CC0ac,v0.4.19-nightly.2017.11.11+commit.284c3839,v0.4.19-nightly.2017.11.11+commit.284c3839,False,,
io,2018-13144,,58,HumanStandardToken,,103,0xC1ca4E6FA2d888168a34a3429Bf186BcD9b475A0,v0.4.24+commit.e67f0147,v0.4.24+commit.e67f0147,False,,
io,2018-13172,,78,bzxcoin,,202,0x70838403ecc194b73e50b70a177b2ef413a2f421,v0.4.18+commit.9cf6e910,v0.4.18+commit.9cf6e910,False,,
io,2018-12063,,15,INT,,180,0x0b76544f6c413a555f309bf76260d1e02377c02a,v0.4.13+commit.fb4cb1a,v0.4.13+commit.fb4cb1a,False,,
re,0xccccccccab8785b30f5d4ceafa0f3cbd1edaa58f_1,,45,LogOfClaimedMEVBlocks,188,188,0xccccccccab8785b30f5d4ceafa0f3cbd1edaa58f,v0.7.6+commit.7338295f,v0.7.6+commit.7338295f,,,etherscan
ls,0x528732d7ff76a31bd419f1d57d549d7643c02db2_3,,104,GLDS,,982,0x528732d7ff76a31bd419f1d57d549d7643c02db2,v0.4.25+,v0.5.2+commit.1df8f40c,,,
re,0xd5500f15abdab81f4ede3a30a215964a4068a4b7_1,,29,Colexion,610,610,0xd5500f15abdab81f4ede3a30a215964a4068a4b7,v0.5.0+commit.1d4f565a,v0.5.0+commit.1d4f565a,,,etherscan
io,2018-13219,,123,ETH033,,206,0xa47178Da1119218Bc2A8dd9e3251ee89b7c7E7f0,v0.4.13+commit.fb4cb1a,v0.4.13+commit.fb4cb1a,False,,
io,2018-14087,,438,EncryptedToken,,174,0xc524079859fD32597F257c175c5f9E239C1Dd2DB,v0.4.16+commit.d7661dd9,v0.4.16+commit.d7661dd9,False,,
io,2018-13130,,55,Bitotal,,235,0xb334d6617dbe12fa75cc286436b7d20f8b04a4cb,v0.4.24+commit.e67f0147,v0.4.24+commit.e67f0147,False,,
io,2018-13755,,403,OTAKUToken,,239,0x80a9ca0bee2a09753d27657f7ab6d6e018e78b55,v0.4.19+commit.c4cbbb05,v0.4.19+commit.c4cbbb05,False,,
tx,0x04037029b4f7fac106b7a3b88985d095e11fd091_1,,10,Fund3Week,257,257,0x04037029b4f7fac106b7a3b88985d095e11fd091,v0.8.7+commit.e28d00a7,v0.8.7+commit.e28d00a7,,,etherscan
io,2018-13546,,217,CCASH,,244,0x935636cd4e6a52227c97e68fe2c299305bd6f705,v0.4.24+commit.e67f0147,v0.4.24+commit.e67f0147,False,,
ls,0xfbfa60a21b423cb364de616a37464b61c1bc4c88_2,,90,FairDice,,614,0xfbfa60a21b423cb364de616a37464b61c1bc4c88,v0.4.25+,v0.4.26+commit.4563c3fc,,,
re,0xe4822c7b7711e245189cebfa755af32faf0a4ed4_1,,38,dcStake,184,184,0xe4822c7b7711e245189cebfa755af32faf0a4ed4,v0.6.6+commit.6c089d02,v0.6.6+commit.6c089d02,,,etherscan
tx,phishable,,1,Phishable,23,23,,v0.4.25+,v0.4.25+,,,smartbugs
io,2018-13484,,160,CBRToken,,251,0x7e750348983e17267dfbe939dfa008b25fd07459,v0.4.16+commit.d7661dd9,v0.4.16+commit.d7661dd9,False,,
io,2018-14084,,436,MyAdvancedToken,,273,0x9107C1B28d775E59f98BF3f4dE3b959816CF5526,v0.4.16+commit.d7661dd9,v0.4.16+commit.d7661dd9,False,,
ls,0x1c98eea5fe5e15d77feeabc0dfcfad32314fd481,,14,EthConnectPonzi,,282,0x1c98eea5fe5e15d77feeabc0dfcfad32314fd481,v0.4.25+,v0.4.19+commit.c4cbbb05,,,
io,2018-13492,,168,naga,,202,0x262a02a7de2124ca49ea98d55a3ed723fa605615,v0.4.18+commit.9cf6e910,v0.4.18+commit.9cf6e910,False,,
tx,0x0edf34a446966eda43bc71ca4627ed5847914025_1,,8,ServiceReceiver,249,249,0x0edf34a446966eda43bc71ca4627ed5847914025,v0.7.6+commit.7338295f,v0.7.6+commit.7338295f,,,etherscan
ls,0x94603d4a41856bccb75cc3603af19fc161a7b6b6,,29,RfsCoin,,255,0x94603d4a41856bccb75cc3603af19fc161a7b6b6,v0.4.25+,v0.4.18+commit.9cf6e910,,,
io,2018-13523,,197,SmartPayment,,240,0x5c4e3dbca1dea91d26ace342dbe9e3ad7e5d3ccf,v0.4.19-nightly.2017.11.11+commit.284c3839,v0.4.19-nightly.2017.11.11+commit.284c3839,False,,
ls,0xf3dce610acbfbcbb4efc12c4c2e3be063128baad,,48,NumbersToken2,,282,0xf3dce610acbfbcbb4efc12c4c2e3be063128baad,v0.4.25+,v0.4.19+commit.c4cbbb05,,,
io,2018-13490,,166,FILM,,244,0x66b11115e070269d65400ea359a72d643804cc2f,v0.4.18+commit.9cf6e910,v0.4.18+commit.9cf6e910,False,,
re,0xb7c5c5aa4d42967efe906e1b66cb8df9cebf04f7,,26,keepMyEther,21,21,0xb7c5c5aa4d42967efe906e1b66cb8df9cebf04f7,v0.4.23+commit.124ca40d,v0.4.23+commit.124ca40d,,,soda
re,spank_chain_payment,,11,LedgerChannel,896,896,,v0.4.25+,v0.4.25+,,,smartbugs
io,2018-13074,,31,FIBToken,,223,0x24A45d81170005Be4f51c8a294883b394BD83412,v0.4.24+commit.e67f0147,v0.4.24+commit.e67f0147,False,,
ls,rubixi,,4,Rubixi,,162,,v0.4.25+,v0.4.25+commit.59dbf8f1,,,
io,2018-13180,,86,IMMCoin,,251,0xE42Ba5558b00d2E6109CC60412d5D4c9473FE998,v0.4.18+commit.9cf6e910,v0.4.18+commit.9cf6e910,False,,
re,0x463f235748bc7862deaa04d85b4b16ac8fafef39,,23,PrivateBank,75,75,0x463f235748bc7862deaa04d85b4b16ac8fafef39,v0.4.19+commit.c4cbbb05,v0.4.19+commit.c4cbbb05,,,soda
io,2018-13485,,161,BitcoinAgileToken,,233,0x580c1e3caca14826976b5820947f7ad486ac174d,v0.4.16+commit.d7661dd9,v0.4.16+commit.d7661dd9,False,,
re,0xbabfe0ae175b847543724c386700065137d30e3b,,22,PrivateBank,82,82,0xbabfe0ae175b847543724c386700065137d30e3b,v0.4.18+commit.9cf6e910,v0.4.18+commit.9cf6e910,,,soda
re,0x01f8c4e3fa3edeb29e514cba738d87ce8c091d3f,,12,PERSONAL_BANK,96,96,0x01f8c4e3fa3edeb29e514cba738d87ce8c091d3f,v0.4.19+commit.c4cbbb05,v0.4.19+commit.c4cbbb05,,,smartbugs
re,reentrancy_insecure,,8,Reentrancy_insecure,27,27,,v0.4.25+,v0.4.25+,,,smartbugs
ls,0x42e98f6ed27fc8f76118efb7d4fe9a254bf3bcc9_1,,78,GAWToken,,246,0x42e98f6ed27fc8f76118efb7d4fe9a254bf3bcc9,v0.4.25+,v0.4.18+commit.9cf6e910,,,
re,0x33813C2f2AAB62aC88C234858a1f08448424828f_1,,43,RunningMan,605,605,0x33813C2f2AAB62aC88C234858a1f08448424828f,v0.6.12+commit.27d51765,v0.6.12+commit.27d51765,,,etherscan
io,2018-13089,,46,UCoinToken,,250,0xaaabD58B6D94b21859F9Fc2B4E829f532283Cf69,v0.4.16+commit.d7661dd9,v0.4.16+commit.d7661dd9,False,,
io,2018-13083,,40,PlazaToken,,215,0x332124F226e80c3AFdBb59271f550881b20604A1,v0.4.21+commit.dfe3193c,v0.4.21+commit.dfe3193c,False,,
re,0xb5e1b1ee15c6fa0e48fce100125569d430f1bd12,,20,Private_Bank,76,76,0xb5e1b1ee15c6fa0e48fce100125569d430f1bd12,v0.4.19+commit.c4cbbb05,v0.4.19+commit.c4cbbb05,,,smartbugs
re,0xfe1b613f17f984e27239b0b2dccfb1778888dfae,,27,InstaDice,963,963,0xfe1b613f17f984e27239b0b2dccfb1778888dfae,v0.4.23+commit.124ca40d,v0.4.23+commit.124ca40d,,,soda
io,2018-13496,,172,RajTestICO,,303,0x06f726f750dd2a140a3f3bbe1fa58b624b361a33,v0.4.21+commit.dfe3193c,v0.4.21+commit.dfe3193c,False,,
io,2018-13627,,287,MyOffer,,190,0x8c114e498af111f1e2185e34880b59880f1c36ce,v0.4.13+commit.fb4cb1a,v0.4.13+commit.fb4cb1a,False,,
io,2018-13700,,352,IPMCoin,,241,0xc96c626588e62d059c87a8fddf851641bc69ae6e,v0.4.18+commit.9cf6e910,v0.4.18+commit.9cf6e910,False,,
io,2018-13564,,232,GATcoin,,204,0xe841d388ed30c0988d5a2db071062c202f9c3a86,v0.4.24+commit.e67f0147,v0.4.24+commit.e67f0147,False,,
io,2018-13208,,112,MoneyTreeToken,,171,0x070C9244a54353a0F9c43670b21856Df2CC4e439,v0.4.17+commit.bdeb9e52,v0.4.17+commit.bdeb9e52,False,,
io,2018-13232,,135,EnterCoin,,171,0x08e836f7d4804d39e798b6459fa54543f260d4c0,v0.4.16+commit.d7661dd9,v0.4.16+commit.d7661dd9,False,,
ls,0x39730ebfeb4e0c9c2e2645c528c00ee7b98ecfb2,,16,BLACKCOIN,,220,0x39730ebfeb4e0c9c2e2645c528c00ee7b98ecfb2,v0.4.25+,v0.4.24+commit.e67f0147,,,
io,2018-13698,,351,Play2LivePromo,,131,0x1c65557b72804569bcd25ce53575a9c712e2eff5,v0.4.20+commit.3155dd80,v0.4.20+commit.3155dd80,False,,
io,2018-13668,,326,BTPCoin,,244,0x1b226d98ab123792f68e2d51e1a657e0084b395a,v0.4.19+commit.c4cbbb05,v0.4.19+commit.c4cbbb05,False,,
io,2018-13762,,409,Yumerium,,861,0x7f4404db6a3f4d3cfb41d5920d81d44d64759235,v0.4.23+commit.124ca40d,v0.4.23+commit.124ca40d,False,,
io,2018-13207,,111,PornCoin,,171,0xc310755f88145cabcaa06c714cd668b5465dceaa,v0.4.17+commit.bdeb9e52,v0.4.17+commit.bdeb9e52,False,,
ls,0xdd97853ba34af302f3d6a6415a750ae38e26d1fc,,42,betContractUP,,1222,0xdd97853ba34af302f3d6a6415a750ae38e26d1fc,v0.4.25+,v0.4.14-nightly.2017.7.21+commit.75b48616,,,
re,0x3d184e68cf7d1acfd78a8bdf656eac20b8352988_2,,35,CryptoHouse,573,573,0x3d184e68cf7d1acfd78a8bdf656eac20b8352988,v0.7.6+commit.7338295f,v0.7.6+commit.7338295f,,,etherscan
io,2018-13194,,100,TTCoin,,173,0xd59b961d5be7ae59486cf4431cbd5534c9ef4f0d,v0.4.21+commit.dfe3193c,v0.4.21+commit.dfe3193c,False,,
ls,0xe30a76ec9168639f09061e602924ae601d341066,,43,NewIntelTechMedia,,228,0xe30a76ec9168639f09061e602924ae601d341066,v0.4.25+,v0.4.24+commit.e67f0147,,,
io,2018-10706,,4,Token,,404,0xb75a5e36cc668bc8fe468e8f272cd4a0fd0fd773,v0.4.22-nightly.2018.3.16+commit.2b2527f3,v0.4.22-nightly.2018.3.16+commit.2b2527f3,False,,
tx,0x30410fab6d367e11839c00ad93eb357e3066ada8_1,,9,BetHorde,554,554,0x30410fab6d367e11839c00ad93eb357e3066ada8,v0.8.7+commit.e28d00a7,v0.8.7+commit.e28d00a7,,,etherscan
ls,0xd58132f2fbd65f02beee0626542e6ee059009ab4,,40,XBORNID,,239,0xd58132f2fbd65f02beee0626542e6ee059009ab4,v0.4.25+,v0.4.25+commit.59dbf8f1,,,
re,0x19c320b43744254ebdbcb1f1bd0e2a3dc08e01dc_1,,36,CryptoCatsMarket,422,422,0x19c320b43744254ebdbcb1f1bd0e2a3dc08e01dc,v0.4.19+commit.c4cbbb05,v0.4.19+commit.c4cbbb05,,,etherscan
io,2018-13204,,108,ETHERCASH,,171,0xd7cf04472739aaa2565af739e2e1d08f99ec8981,v0.4.17+commit.bdeb9e52,v0.4.17+commit.bdeb9e52,False,,
ls,0x17e5f19d430788323863c6798ecd762a40de29f5,,13,VIT,,220,0x17e5f19d430788323863c6798ecd762a40de29f5,v0.4.25+,v0.4.24+commit.e67f0147,,,
io,2018-14576,,441,SunContractToken,,194,0xF4134146AF2d511Dd5EA8cDB1C4AC88C57D60404,v0.4.11+commit.68ef5810,v0.4.11+commit.68ef5810,False,,
io,2018-13494,,170,SusanTokenERC20,,132,0xe123d4103e14edd84bfc2158f8d55c1c43f9efc3,v0.4.20+commit.3155dd80,v0.4.20+commit.3155dd80,False,,
re,0xaf89C5E115Ab3437fC965224D317d09faa66ee3E_1,,39,Editions,829,829,0xaf89C5E115Ab3437fC965224D317d09faa66ee3E,v0.8.5+commit.a4f2e591,v0.8.5+commit.a4f2e591,,,etherscan
io,2018-13541,,212,CryptoLeu,,287,0x80754f5833c606d6443cfa315d933ad599fc3d07,v0.4.19+commit.c4cbbb05,v0.4.19+commit.c4cbbb05,False,,
io,2018-13090,,47,YiTongCoin,,244,0xDf07Fa1b102c00124E96F18Ea612bbbe553f50e1,v0.4.19+commit.c4cbbb05,v0.4.19+commit.c4cbbb05,False,,
re,0x7b368c4e805c3870b6c49a3f1f49f69af8662cf3,,17,W_WALLET,85,85,0x7b368c4e805c3870b6c49a3f1f49f69af8662cf3,v0.4.25+commit.59dbf8f1,v0.4.25+commit.59dbf8f1,,,smartbugs
ls,0xfc79774fb9dedeea2325d0d5570554eddc4e6747,,50,VotePumpCoin0x,,236,0xfc79774fb9dedeea2325d0d5570554eddc4e6747,v0.4.25+,v0.4.24+commit.e67f0147,,,
io,2018-13070,,27,EncryptedToken,,165,0x7D227Fe3C5885c3875180E03C548D09EBE1B0119,v0.4.24+commit.e67f0147,v0.4.24+commit.e67f0147,False,,
io,2018-13737,,386,AnovaBace,,151,0x19e732aa432d4003c7745237f9fa670c9262a5fc,v0.4.17-nightly.2017.8.24+commit.12d9f79,v0.4.17-nightly.2017.8.24+commit.12d9f79,False,,
re,0xbaf51e761510c1a11bf48dd87c0307ac8a8c8a4f,,21,ETH_VAULT,77,77,0xbaf51e761510c1a11bf48dd87c0307ac8a8c8a4f,v0.4.19+commit.c4cbbb05,v0.4.19+commit.c4cbbb05,,,smartbugs
ls,0x34BC9A332350A41374aa650f1152C8D88e35a878_2,,66,GuessTheNumberGame,,141,0x34BC9A332350A41374aa650f1152C8D88e35a878,v0.4.25+,v0.5.11+commit.c082d0b4,,,
re,0xcb6fe98097fe7d6e00415bb6623d5fc3effa4e83,,28,THE_BANK,78,78,0xcb6fe98097fe7d6e00415bb6623d5fc3effa4e83,v0.4.25+commit.59dbf8f1,v0.4.25+commit.59dbf8f1,,,soda
ls,0x07419940b9a2d1eb54e123bd4853240ffac77186,,10,PowhCoin4,,255,0x07419940b9a2d1eb54e123bd4853240ffac77186,v0.4.25+,v0.4.19+commit.c4cbbb05,,,
io,2018-13552,,222,Trabet_Coin_PreICO,,353,0xe2d4b55a72977ce72d4d5c87307c14de251a6231,v0.4.24+commit.e67f0147,v0.4.24+commit.e67f0147,False,,
io,2018-13692,,346,MehdiTAZIToken,,266,0xee477b54bcb99ad2f5f7dece17069188e3bb69f4,v0.4.21-nightly.2018.2.21+commit.16c7eabc,v0.4.21-nightly.2018.2.21+commit.16c7eabc,False,,
io,2018-13222,,126,ObjectToken,,176,0x868326eFCA6e89F75a76D141167759f1AD10854C,v0.4.11+commit.68ef5810,v0.4.11+commit.68ef5810,False,,
tx,0xc606721c67741D9C140Ed11b93Fc4ea857C8A69f_1,,3,Contract,213,213,0xc606721c67741D9C140Ed11b93Fc4ea857C8A69f,v0.8.7+commit.e28d00a7,v0.8.7+commit.e28d00a7,,,etherscan
io,2018-14089,,440,Virgo_ZodiacToken,,208,0x4b15b2D301dD81e05fc404e16bdd138b29dcDeFd,v0.4.21+commit.dfe3193c,v0.4.21+commit.dfe3193c,False,,
re,0x3d184e68cf7d1acfd78a8bdf656eac20b8352988_1,,34,CryptoHouse,573,573,0x3d184e68cf7d1acfd78a8bdf656eac20b8352988,v0.7.6+commit.7338295f,v0.7.6+commit.7338295f,,,etherscan
ls,0xcd8f866ae90cef4c046101a1bc032cebecfaaa42_3,,56,CENTTOKEN,,666,0xcd8f866ae90cef4c046101a1bc032cebecfaaa42,v0.4.25+,v0.5.2+commit.1df8f40c,,,
io,2018-13156,,62,bonusToken,,376,0x362dcc7187cf0c47be45695549c6b4fb96c08875,v0.4.17+commit.bdeb9e52,v0.4.17+commit.bdeb9e52,False,,
io,2018-13075,,32,CarbonExchangeCoinToken,,271,0x0Eb152d2bba8aF722D7E296A1F223d819C3bbB1f,v0.4.18+commit.9cf6e910,v0.4.18+commit.9cf6e910,False,,
ls,multiowned_vulnerable,,2,TestContract,,63,,v0.4.25+,v0.4.25+commit.59dbf8f1,,,
io,2018-13127,,52,DSPXToken,,238,0x30dda19c0b94a88ed8784868ec1e9375d9f0e27c,v0.4.19+commit.c4cbbb05,v0.4.19+commit.c4cbbb05,False,,
ls,0x287fda15f8f002e5df9f536f10bbfc0816960f36_1,,84,EncryptedToken,,169,0x287fda15f8f002e5df9f536f10bbfc0816960f36,v0.4.25+,v0.4.16+commit.d7661dd9,,,
io,2018-13073,,30,ETHEREUMBLACK,,171,0xE2fA3d7B292c216390AbAd4c625d5f2524B85A1f,v0.4.17+commit.bdeb9e52,v0.4.17+commit.bdeb9e52,False,,
io,2018-13160,,66,etktokens,,202,0xce58d27fd266e63c4055ce1b77c6fd6e0a74190b,v0.4.18+commit.9cf6e910,v0.4.18+commit.9cf6e910,False,,
ls,0x0208a56ea43c3ff6c2611071948794c2674a16b9_3,,83,ERBIUMCOIN,,204,0x0208a56ea43c3ff6c2611071948794c2674a16b9,v0.4.25+,v0.4.18+commit.9cf6e910,,,
io,2018-13228,,131,Crowdnext,,171,0xc52694e7832594f2aaf2536c777024fb5c1ae9da,v0.4.19-nightly.2017.11.11+commit.284c3839,v0.4.19-nightly.2017.11.11+commit.284c3839,False,,
re,reentrancy_cross_function,,6,Reentrancy_cross_function,34,34,,v0.4.25+,v0.4.25+,,,smartbugs
io,2018-11561,,11,ERC20Token,,146,0x00a0cbe98e4d110b0fa82646152d77babf2951d0,v0.4.18+commit.9cf6e910,v0.4.18+commit.9cf6e910,False,,
io,2018-13642,,301,SECoin,,204,0x19bd81125a6b19d8531491914bee30c2222e4fac,v0.4.21+commit.dfe3193c,v0.4.21+commit.dfe3193c,False,,
ls,0x860a8c64cbc7f9aac11428ef8df989f5770cda60_2,,52,SEC,,435,0x860a8c64cbc7f9aac11428ef8df989f5770cda60,v0.4.25+,v0.4.24+commit.e67f0147,,,
io,2018-13625,,285,Krown,,271,0x10e886bacd4a12c21bb39646751374eae495b776,v0.4.13+commit.fb4cb1a,v0.4.13+commit.fb4cb1a,False,,
ls,0x528732d7ff76a31bd419f1d57d549d7643c02db2_1,,103,GLDS,,982,0x528732d7ff76a31bd419f1d57d549d7643c02db2,v0.4.25+,v0.5.2+commit.1df8f40c,,,
ls,0xf7a3c5e0310ed2bafde8e782f43ab38c1cfa279d_3,,100,ReynaFoundationCoin,,605,0xf7a3c5e0310ed2bafde8e782f43ab38c1cfa279d,v0.4.25+,v0.5.16+commit.9c3226ce,,,
io,2018-13230,,133,DestiNeedToken,,171,0xdFF8e7f5496D1e1A4Af3497Cb4712017a9C65442,v0.4.17+commit.bdeb9e52,v0.4.17+commit.bdeb9e52,False,,
io,2018-13176,,82,TrustZen,,245,0x0a9Aa2003215BfBc6caf9a49256e9F4EC42b3c3D,v0.4.20-nightly.2018.1.15+commit.14fcbd65,v0.4.20-nightly.2018.1.15+commit.14fcbd65,False,,
io,2018-13225,,129,MyYLCToken,,181,0x9f03d94bf3545153cb28014bC7D1e7177cA99034,v0.4.13+commit.fb4cb1a,v0.4.13+commit.fb4cb1a,False,,
re,0x0ad7e0259b7e80c13074d2e08790d3c263d13d81_1,,46,WETH,639,639,0x0ad7e0259b7e80c13074d2e08790d3c263d13d81,v0.6.12+commit.27d51765,v0.6.12+commit.27d51765,,,etherscan
io,2018-13145,,59,JavaSwapTest,,230,0x4868d191a23428Fa9ACa36a3d0f1421f33D12226,v0.4.24+commit.e67f0147,v0.4.24+commit.e67f0147,False,,
re,0x96edbe868531bd23a6c05e9d0c424ea64fb1b78b,,19,PENNY_BY_PENNY,104,104,0x96edbe868531bd23a6c05e9d0c424ea64fb1b78b,v0.4.19+commit.c4cbbb05,v0.4.19+commit.c4cbbb05,,,smartbugs
io,2018-13487,,163,PlatoToken,,141,0x990da731331aE62c3e8f3f73cB4ebeb6F082Bc7c,v0.4.13+commit.fb4cb1a,v0.4.13+commit.fb4cb1a,False,,
ls,0x2120887e9e4889653770b228ee8d13231d0ef045_1,,69,VE,,638,0x2120887e9e4889653770b228ee8d13231d0ef045,v0.4.25+,v0.4.24+commit.e67f0147,,,
re,simple_dao,,10,SimpleDAO,27,27,,v0.4.25+,v0.4.25+,,,smartbugs
io,2018-13543,,214,GemstoneToken,,264,0x5b6acebad8f9e969d54bbe7c6efdc8674f8c7e76,v0.4.20+commit.3155dd80,v0.4.20+commit.3155dd80,False,,
io,2018-13501,,177,HRWtoken,,124,0x8cbe659dcf03388ad6098b0bea656b0f2e4011ba,v0.4.15+commit.bbb8e64f,v0.4.15+commit.bbb8e64f,False,,
ls,0x860a8c64cbc7f9aac11428ef8df989f5770cda60_1,,51,SEC,,435,0x860a8c64cbc7f9aac11428ef8df989f5770cda60,v0.4.25+,v0.4.24+commit.e67f0147,,,
io,2018-13328,,140,PFG,,104,0xa2c4f961b93fc7bc200d2c8e55b6fe6958366787,v0.4.25-nightly.2018.5.17+commit.4aa2f036,v0.4.25-nightly.2018.5.17+commit.4aa2f036,False,,
ls,0xb5630e5dfd604b3b88965f2a5103bbf5e31a7340,,35,GTIX,,292,0xb5630e5dfd604b3b88965f2a5103bbf5e31a7340,v0.4.25+,v0.4.24+commit.e67f0147,,,
io,2018-13086,,43,IADOWR,,171,0xC1E2097d788d33701BA3Cc2773BF67155ec93FC4,v0.4.16+commit.d7661dd9,v0.4.16+commit.d7661dd9,False,,
io,2018-13512,,186,SmartHomeCoin,,220,0x5b527c8cc72ea4b8681e44754be6248b107c5229,v0.4.19+commit.c4cbbb05,v0.4.19+commit.c4cbbb05,False,,
ls,0xeefdfa0f6a921044e7901d18e6794c0a7baff4d7,,46,LUVI,,227,0xeefdfa0f6a921044e7901d18e6794c0a7baff4d7,v0.4.25+,v0.4.25+commit.59dbf8f1,,,
io,2018-13192,,98,Jobscoin,,202,0x54920ecbaadb81cfcd12cf3f8d971686fe95b269,v0.4.18+commit.9cf6e910,v0.4.18+commit.9cf6e910,False,,
io,2018-13157,,63,CryptonitexCoin,,244,0x2c0c06dae6bc7d7d7d8b0d67a1f1a47d6165e373,v0.4.20-nightly.2018.1.17+commit.4715167e,v0.4.20-nightly.2018.1.17+commit.4715167e,False,,
ls,0x3f30a9ac5f4d9cccfe0331948f5a8f5df1ba3856_1,,101,MyAdvancedToken,,253,0x3f30a9ac5f4d9cccfe0331948f5a8f5df1ba3856,v0.4.25+,v0.5.10+commit.5a6ea5b1,,,
ls,0x612f1bdbe93523b7f5036efa87493b76341726e3,,23,HOTTO,,260,0x612f1bdbe93523b7f5036efa87493b76341726e3,v0.4.25+,v0.4.24+commit.e67f0147,,,
io,2018-13184,,90,TravelZediToken,,165,0xA8Ff79ae4D596341915C93DFC26fC3B5BC96b743,v0.4.11+commit.68ef5810,v0.4.11+commit.68ef5810,False,,
ls,0xa78a974b487357ad5c17a072dfee4d31b839b331_1,,87,HOT,,216,0xa78a974b487357ad5c17a072dfee4d31b839b331,v0.4.25+,v0.4.16+commit.d7661dd9,,,
ls,0x11eba93a0a852fd34002f5411e1663cf864edb8b_3,,62,Morality,,247,0x11eba93a0a852fd34002f5411e1663cf864edb8b,v0.4.25+,v0.5.11+commit.c082d0b4,,,
ls,0x2120887e9e4889653770b228ee8d13231d0ef045_3,,71,VE,,638,0x2120887e9e4889653770b228ee8d13231d0ef045,v0.4.25+,v0.4.24+commit.e67f0147,,,
io,2018-13200,,105,ProgressiveToken,,246,0xa4F061Ad427d0dcD51f511e639baB0A3497E428D,v0.4.21+commit.dfe3193c,v0.4.21+commit.dfe3193c,False,,
ls,0xfaf33ee481f6b1f878b68c06181e46a2e9226938_2,,68,EtherWin,,390,0xfaf33ee481f6b1f878b68c06181e46a2e9226938,v0.4.25+,v0.5.9+commit.e560f70d,,,
ls,0x724e3a236d3e9c8ad2c3d1aff181118e6e9b3026,,24,BITCOINMILLIONARE,,267,0x724e3a236d3e9c8ad2c3d1aff181118e6e9b3026,v0.4.25+,v0.4.24+commit.e67f0147,,,
tx,0x8550Dc7eB3C5055170AFdD3cDB360eB12a25fE45_1,,2,Brige,98,98,0x8550Dc7eB3C5055170AFdD3cDB360eB12a25fE45,v0.8.4+commit.c7e474f2,v0.8.4+commit.c7e474f2,,,etherscan
io,2018-13221,,125,ExtremeToken,,186,0xFf1560afEF58be59b11C72734ad1d89db63e4E71,v0.4.14+commit.c2215d46,v0.4.14+commit.c2215d46,False,,
io,2018-13196,,102,TSwap,,177,0x125C0260FeeC92471d1A144F3cDCE185a565f374,v0.4.6+commit.2dabbdf0,v0.4.6+commit.2dabbdf0,False,,
re,etherstore,,2,EtherStore,31,31,,v0.4.25+,v0.4.25+,,,smartbugs
io,2018-13500,,176,MSXAdvanced,,202,0x4e6b294e9cbe702f76a34949cf1674961211e5fc,v0.4.21+commit.dfe3193c,v0.4.21+commit.dfe3193c,False,,
io,2018-13730,,381,HEY,,244,0x6ab969638ccf8f2af797f426aaa666d45adab65f,v0.4.20-nightly.2018.1.29+commit.a668b9de,v0.4.20-nightly.2018.1.29+commit.a668b9de,False,,
re,0x23a91059fdc9579a9fbd0edc5f2ea0bfdb70deb4,,13,PrivateBank,74,74,0x23a91059fdc9579a9fbd0edc5f2ea0bfdb70deb4,v0.4.19+commit.c4cbbb05,v0.4.19+commit.c4cbbb05,,,smartbugs
io,2018-13529,,202,BetterThanAdrien,,244,0x4102c1d4081a8b5e1757fce8adfeeacbe5d47261,v0.4.23+commit.124ca40d,v0.4.23+commit.124ca40d,False,,
io,2018-13495,,171,KMCToken,,235,0x3ddd6a5dc87798285d43515832c17cbff141ad28,v0.4.21-nightly.2018.2.28+commit.ac5485a2,v0.4.21-nightly.2018.2.28+commit.ac5485a2,False,,
tx,0x82840058ab0b44d0a1d208b24fa60ce8b88c1e91_1,,5,NodokaBridge,165,165,0x82840058ab0b44d0a1d208b24fa60ce8b88c1e91,v0.8.7+commit.e28d00a7,v0.8.7+commit.e28d00a7,,,etherscan
ls,0x9ac4883b0226fb37fa362dbd76564c539c4f0ee6_2,,73,ReferStorage,,252,0x9ac4883b0226fb37fa362dbd76564c539c4f0ee6,v0.4.25+,v0.5.16+commit.9c3226ce,,,
re,modifier_reentrancy,,3,ModifierEntrancy,49,49,,v0.4.25+,v0.4.25+,,,smartbugs
io,2018-13663,,321,BSCToken,,241,0xac1ec3143b89d5b263d9194db216ea068e0f3dc9,v0.4.16+commit.d7661dd9,v0.4.16+commit.d7661dd9,False,,
ls,0x9f4fd6c336388f2ab7dc7bbe4740ae7b88b880d7,,31,PonziToken,,284,0x9f4fd6c336388f2ab7dc7bbe4740ae7b88b880d7,v0.4.25+,v0.4.18+commit.9cf6e910,,,
io,2018-13478,,155,DMPToken,,235,0xde0df6633389e6ba997c6db843c5d4dd3f378b6f,v0.4.20-nightly.2017.12.20+commit.efc198d5,v0.4.20-nightly.2017.12.20+commit.efc198d5,False,,
ls,0x287fda15f8f002e5df9f536f10bbfc0816960f36_3,,86,EncryptedToken,,169,0x287fda15f8f002e5df9f536f10bbfc0816960f36,v0.4.25+,v0.4.16+commit.d7661dd9,,,
io,2018-13641,,300,MVGcoin,,204,0x48233be3b3a963dc6a4c11e87f9890322dbfc7d9,v0.4.21+commit.dfe3193c,v0.4.21+commit.dfe3193c,False,,
io,2018-13129,,54,SPXToken,,276,0x05aaaa829afa407d83315cded1d45eb16025910c,v0.4.19+commit.c4cbbb05,v0.4.19+commit.c4cbbb05,False,,
io,2018-13195,,101,CranooAdvanced,,244,0xc2c74F6eA632A6beB1F55b4171CCD608e0575C3B,v0.4.18+commit.9cf6e910,v0.4.18+commit.9cf6e910,False,,
io,2018-13167,,73,ygo,,122,0xbab6f30c81209433a3ced28ca8e19256440547d9,v0.4.24+commit.e67f0147,v0.4.24+commit.e67f0147,False,,
io,2018-13155,,61,GEMCHAIN,,279,0xfb340423dfac531b801d7586c98fe31e12a32f31,v0.4.18+commit.9cf6e910,v0.4.18+commit.9cf6e910,False,,
io,2018-14001,,429,Shark,,152,0xf4ac238121585456DeE1096fED287F4d8906D519,v0.4.11+commit.68ef5810,v0.4.11+commit.68ef5810,False,,
io,2018-13497,,173,COBToken,,267,0x0cb04783732bcfd6c5d44c166d71d97a50a257e5,v0.4.24+commit.e67f0147,v0.4.24+commit.e67f0147,False,,
io,2018-13502,,178,HeliumNetwork,,258,0xb7ade180e00237ce27845a0afc4986b852d443b8,v0.4.25-nightly.2018.6.8+commit.81c5a6e4,v0.4.25-nightly.2018.6.8+commit.81c5a6e4,False,,
ls,0x43f208d94a82cc2749a140b5e82636f31ce0390d,,20,betContractDOWN,,1225,0x43f208d94a82cc2749a140b5e82636f31ce0390d,v0.4.25+,v0.4.14-nightly.2017.7.21+commit.75b48616,,,
ls,0xead71f4d060ddc7656c959b482fbdfaca95c5d9d,,45,MyAdvancedToken,,273,0xead71f4d060ddc7656c959b482fbdfaca95c5d9d,v0.4.25+,v0.4.16+commit.d7661dd9,,,
io,2018-13175,,81,AIChain,,204,0xb57aff26bbb822c06e81f194ec5ca29319d6d7b4,v0.4.24+commit.e67f0147,v0.4.24+commit.e67f0147,False,,
io,2018-13530,,203,HunterCoin,,83,0x248044753872e64c288b35b0e71e8b29222e3ab8,v0.4.15+commit.bbb8e64f,v0.4.15+commit.bbb8e64f,False,,
io,2018-13128,,53,ETY,,193,0x0661f731f7f442a4147b87af5e77a9ecc7ed744e,v0.4.21+commit.dfe3193c,v0.4.21+commit.dfe3193c,False,,
io,2018-13535,,208,PACCOIN,,548,0x2adeedc69348a2ca9a1c5ec7e9df6d7919c10617,v0.4.25-nightly.2018.6.8+commit.81c5a6e4,v0.4.25-nightly.2018.6.8+commit.81c5a6e4,False,,
ls,0xdcd03c274982b15341b570f39e0f72e730d11f32_3,,98,BitherumToken,,331,0xdcd03c274982b15341b570f39e0f72e730d11f32,v0.4.25+,v0.4.23+commit.124ca40d,,,
re,0x60C6b5DC066E33801F2D9F2830595490A3086B4e_1,,47,DOERewards,283,283,0x60C6b5DC066E33801F2D9F2830595490A3086B4e,v0.8.7+commit.e28d00a7,v0.8.7+commit.e28d00a7,,,etherscan
io,2018-14086,,437,MyToken,,107,0x3fe3D6f405b5858A320B33FbcB0Bea3b2C2eB7BE,v0.4.23+commit.124ca40d,v0.4.23+commit.124ca40d,False,,
io,2018-13085,,42,FreeCoin,,291,0xfdEA2AD97EC5297090c8d945f25a15f17f4C283d,v0.4.21+commit.dfe3193c,v0.4.21+commit.dfe3193c,False,,
ls,wallet_03_wrong_constructor,,7,Wallet,,41,,v0.4.25+,v0.4.25+commit.59dbf8f1,,,
ls,0x8960eb9d4a2d153fd7b175c0f3eef8026eb95dfc,,27,LGM,,220,0x8960eb9d4a2d153fd7b175c0f3eef8026eb95dfc,v0.4.25+,v0.4.24+commit.e67f0147,,,
io,2018-13498,,174,KAPAYcoin,,204,0xbe9d853914fb4d7bc189a918183c835aca98cdb6,v0.4.24+commit.e67f0147,v0.4.24+commit.e67f0147,False,,
ls,0xfbfa60a21b423cb364de616a37464b61c1bc4c88_3,,91,FairDice,,614,0xfbfa60a21b423cb364de616a37464b61c1bc4c88,v0.4.25+,v0.4.26+commit.4563c3fc,,,
ls,0x781fb4f25d07de3f3cfe2476645e52e0c661eefc,,25,CryptoCurrencyNetwork,,235,0x781fb4f25d07de3f3cfe2476645e52e0c661eefc,v0.4.25+,v0.4.22+commit.4cb486ee,,,
io,2018-13162,,68,ALEX,,202,0x04ed15fa8c47778589c1bf3451e0de25c1eed3ae,v0.4.18+commit.9cf6e910,v0.4.18+commit.9cf6e910,False,,
ls,0x860a8c64cbc7f9aac11428ef8df989f5770cda60_3,,53,SEC,,435,0x860a8c64cbc7f9aac11428ef8df989f5770cda60,v0.4.25+,v0.4.24+commit.e67f0147,,,
io,2018-13325,,137,GrowToken,,176,0x0a9A9ce600D08BF9b76F49FA4e7b38A67EBEB1E6,v0.4.18+commit.9cf6e910,v0.4.18+commit.9cf6e910,False,,
ls,0xfaf33ee481f6b1f878b68c06181e46a2e9226938_1,,67,EtherWin,,390,0xfaf33ee481f6b1f878b68c06181e46a2e9226938,v0.4.25+,v0.5.9+commit.e560f70d,,,
ls,0xd152f549545093347a162dce210e7293f1452150,,39,Disperse,,32,0xd152f549545093347a162dce210e7293f1452150,v0.4.25+,v0.4.25+commit.59dbf8f1,,,
io,2018-13201,,106,MyAdvancedToken7,,125,0x223499d60fE7E3Dc5339e8219e708D18bfc2E6Fe,v0.4.13+commit.fb4cb1a,v0.4.13+commit.fb4cb1a,False,,
re,0x232391765aacf9e075e66162ce4e453afcbf14b5_1,,33,UniqlyPresale4,161,161,0x232391765aacf9e075e66162ce4e453afcbf14b5,v0.8.2+commit.661d1103,v0.8.2+commit.661d1103,,,etherscan
ls,0xcd8f866ae90cef4c046101a1bc032cebecfaaa42_2,,55,CENTTOKEN,,666,0xcd8f866ae90cef4c046101a1bc032cebecfaaa42,v0.4.25+,v0.5.2+commit.1df8f40c,,,
ls,0x11eba93a0a852fd34002f5411e1663cf864edb8b_2,,61,Morality,,247,0x11eba93a0a852fd34002f5411e1663cf864edb8b,v0.4.25+,v0.5.11+commit.c082d0b4,,,
ls,0xe923dd860176d3ef69d7852257cc773900807f7c,,44,PonziTokenV4,,282,0xe923dd860176d3ef69d7852257cc773900807f7c,v0.4.25+,v0.4.18+commit.9cf6e910,,,
io,2018-13757,,405,Coinquer,,220,0x1660ef71da631bf8b8bf5656f49bc635c97dfc1c,v0.4.19-nightly.2017.11.11+commit.284c3839,v0.4.19-nightly.2017.11.11+commit.284c3839,False,,
io,2018-13198,,104,STE,,517,0xeba49ddea9f59f0a80ecbb1fb7a585ce0bfe5a5e,v0.4.18+commit.9cf6e910,v0.4.18+commit.9cf6e910,False,,
ls,wallet_02_refund_nosub,,6,Wallet,,46,,v0.4.25+,v0.4.25+commit.59dbf8f1,,,
io,2018-13213,,117,TravelCoinToken,,298,0x23CB17d7D079518dBfF4FeBb6efCc0dE58d8c984,v0.4.16+commit.d7661dd9,v0.4.16+commit.d7661dd9,False,,
io,2018-13542,,213,ZIBToken,,243,0x357aac74d5fc24f271e5652ec6bdd8abfe048505,v0.4.16+commit.d7661dd9,v0.4.16+commit.d7661dd9,False,,
ls,0xc825aa83f12e4d225ea1f21511a68e7aa78a002f,,38,PowhCoin3,,255,0xc825aa83f12e4d225ea1f21511a68e7aa78a002f,v0.4.25+,v0.4.18+commit.9cf6e910,,,
io,2018-13146,,60,LEF,,103,0x54F61B89A0BAC15c88c6BdDF41573DDc1bA5bF6D,v0.4.24+commit.e67f0147,v0.4.24+commit.e67f0147,False,,
io,2018-13164,,70,MyEPPToken,,239,0x759981e5af7661836d305f71779690808c1de51f,v0.4.19+commit.c4cbbb05,v0.4.19+commit.c4cbbb05,False,,
io,2018-13185,,91,appcoins,,202,0x01a0939b719213aabcaa075066fb4b0fb88bae56,v0.4.18+commit.9cf6e910,v0.4.18+commit.9cf6e910,False,,
re,0x941d225236464a25eb18076df7da6a91d0f95e9e,,18,ETH_FUND,80,80,0x941d225236464a25eb18076df7da6a91d0f95e9e,v0.4.19+commit.c4cbbb05,v0.4.19+commit.c4cbbb05,,,smartbugs
io,2018-13505,,180,ecogreenhouse,,202,0xfb07cd636d26b660c8599e5778b6a2bfbb5f0ee9,v0.4.18+commit.9cf6e910,v0.4.18+commit.9cf6e910,False,,
ls,0x3933e1bd030c3c14407f8eecce81493e066ab5e1_2,,76,EcoDollar,,309,0x3933e1bd030c3c14407f8eecce81493e066ab5e1,v0.4.25+,v0.4.25+commit.59dbf8f1,,,
io,2018-13703,,355,CERB_Coin,,262,0x81d4703c5b3499b57397c999a72f492fc681410d,v0.4.21+commit.dfe3193c,v0.4.21+commit.dfe3193c,False,,
re,0xeb40f7f07445905235e2c33fb51e620da4d6cbd9_1,,37,unityOfEthereum,127,127,0xeb40f7f07445905235e2c33fb51e620da4d6cbd9,v0.8.1+commit.df193b15,v0.8.1+commit.df193b15,,,etherscan
io,2018-13161,,67,MultiGamesToken,,250,0x52a5e1a56a124dce84e548ff96122246e46d599f,v0.4.19+commit.c4cbbb05,v0.4.19+commit.c4cbbb05,False,,
ls,0x5f7bb27f7a4702ebce052745cddc1f567ec89e15_2,,58,EthGame,,503,0x5f7bb27f7a4702ebce052745cddc1f567ec89e15,v0.4.25+,v0.5.0+commit.1d4f565a,,,
re,reentrancy_dao,,7,ReentrancyDAO,28,28,,v0.4.25+,v0.4.25+,,,smartbugs
io,2018-13069,,26,DYC,,244,0x824D83318d9637715a491B6CBb0244f55c0D5bAf,v0.4.19+commit.c4cbbb05,v0.4.19+commit.c4cbbb05,False,,
io,2018-11687,,12,BitcoinRed,,99,0x6aac8cb9861e42bf8259f5abdc6ae3ae89909e11,v0.4.18+commit.9cf6e910,v0.4.18+commit.9cf6e910,False,,
ls,0x43efc486d1c7c5cb0193e409a73aa33786f5197c,,19,Tubigo,,294,0x43efc486d1c7c5cb0193e409a73aa33786f5197c,v0.4.25+,v0.4.24-nightly.2018.5.16+commit.7f965c86,,,
ls,0x0208a56ea43c3ff6c2611071948794c2674a16b9_2,,82,ERBIUMCOIN,,204,0x0208a56ea43c3ff6c2611071948794c2674a16b9,v0.4.25+,v0.4.18+commit.9cf6e910,,,
ls,0xfbfa60a21b423cb364de616a37464b61c1bc4c88_1,,89,FairDice,,614,0xfbfa60a21b423cb364de616a37464b61c1bc4c88,v0.4.25+,v0.4.26+commit.4563c3fc,,,
io,2018-13206,,110,PVE,,201,0x1FF56987B459d1Bc67A89879d00448F3de46e12D,v0.4.17+commit.bdeb9e52,v0.4.17+commit.bdeb9e52,False,,
io,2018-13182,,88,loncoin,,202,0x25a9ebaa3d391448c2e9b9d5d7be0c7e52873489,v0.4.18+commit.9cf6e910,v0.4.18+commit.9cf6e910,False,,
ls,0xdcd03c274982b15341b570f39e0f72e730d11f32_1,,97,BitherumToken,,331,0xdcd03c274982b15341b570f39e0f72e730d11f32,v0.4.25+,v0.4.23+commit.124ca40d,,,
ls,0x5aef06ec39e98c05201ee1e54b653c372ecb9cf3,,22,FALCON,,294,0x5aef06ec39e98c05201ee1e54b653c372ecb9cf3,v0.4.25+,v0.4.25-nightly.2018.5.21+commit.e97f9b6b,,,
io,2018-13327,,139,ChuCunLingAIGO,,92,0x687D9d6839817db4574AED33f45647109DFe9C2d,v0.4.18+commit.9cf6e910,v0.4.18+commit.9cf6e910,False,,
io,2018-13562,,230,BMVCoin,,485,0xa25d9e3c177a45265349d4bd37b23ec2669dea5b,v0.4.18+commit.9cf6e910,v0.4.18+commit.9cf6e910,False,,
re,reentrancy_bonus,,5,Reentrancy_bonus,31,31,,v0.4.25+,v0.4.25+,,,smartbugs
io,2018-12062,,14,SwftCoin,,171,0x0bb217e40f8a5cb79adf04e1aab60e5abd0dfc1e,v0.4.11+commit.68ef5810,v0.4.11+commit.68ef5810,False,,
io,2018-13771,,418,ExacoreContract,,219,0x1d521966b23820bb2bf130119c10aacc97eb324b,v0.4.21+commit.dfe3193c,v0.4.21+commit.dfe3193c,False,,
ls,0x8e9f6181371013194d48bc031adf7fe179fb37e3,,28,Cryptbond,,301,0x8e9f6181371013194d48bc031adf7fe179fb37e3,v0.4.25+,v0.4.19+commit.c4cbbb05,,,
io,2018-13197,,103,WelfareTokenFund,,183,0x83b6aD8E37Ab7A4F71da533A35271484270EC6c2,v0.4.9+commit.364da425,v0.4.9+commit.364da425,False,,
io,2018-13132,,57,SpadeIco,,403,0xfdb3c07c25f5a6879cc8b00685ed1a080c59615e,v0.4.19+commit.c4cbbb05,v0.4.19+commit.c4cbbb05,False,,
io,2018-13091,,48,sumocoin,,202,0x524A1407223446e3BAb8819ABb3fb8348C29afEc,v0.4.18+commit.9cf6e910,v0.4.18+commit.9cf6e910,False,,
tx,0x4c0f67a4b3ef0c4fc52aec217457c4da37353e85_1,,4,TattooMoneyPublicSaleIV,343,343,0x4c0f67a4b3ef0c4fc52aec217457c4da37353e85,v0.8.7+commit.e28d00a7,v0.8.7+commit.e28d00a7,,,etherscan
io,2018-13533,,206,ALUXToken,,191,0x42cee7dd9b47c2cee35ca996a712e8c99471d46f,v0.4.18+commit.9cf6e910,v0.4.18+commit.9cf6e910,False,,
ls,0x95195adFb67f28AcFC07CE09eb496188527C0303_2,,92,CNEXToken,,666,0x95195adFb67f28AcFC07CE09eb496188527C0303,v0.4.25+,v0.5.4+commit.9549d8ff,,,
io,2018-18665,,442,NexxusToken,,79,0x7627de4B93263a6a7570b8dAfa64bae812e5c394,v0.4.15+commit.bbb8e64f,v0.4.15+commit.bbb8e64f,False,,
ls,0xf7a3c5e0310ed2bafde8e782f43ab38c1cfa279d_1,,99,ReynaFoundationCoin,,605,0xf7a3c5e0310ed2bafde8e782f43ab38c1cfa279d,v0.4.25+,v0.5.16+commit.9c3226ce,,,
io,2018-13072,,29,Coffeecoin,,164,0x9D5bd53fc23D6485A80B9879097E67a797365Ca5,v0.4.12+commit.194ff033,v0.4.12+commit.194ff033,False,,
ls,0x3da034753b42bda1bcfa682f29685e2fd6729016,,18,VoipToken,,268,0x3da034753b42bda1bcfa682f29685e2fd6729016,v0.4.25+,v0.4.21+commit.dfe3193c,,,
ls,0xa78a974b487357ad5c17a072dfee4d31b839b331_2,,88,HOT,,216,0xa78a974b487357ad5c17a072dfee4d31b839b331,v0.4.25+,v0.4.16+commit.d7661dd9,,,
re,0x7a8721a9d64c74da899424c1b52acbf58ddc9782,,16,PrivateDeposit,88,88,0x7a8721a9d64c74da899424c1b52acbf58ddc9782,v0.4.19+commit.c4cbbb05,v0.4.19+commit.c4cbbb05,,,smartbugs
re,0xcf63ec4ee1b5ba3593aad05f7201ba586fec9aef_1,,31,CommissionsStudio,258,258,0xcf63ec4ee1b5ba3593aad05f7201ba586fec9aef,v0.8.4+commit.c7e474f2,v0.8.4+commit.c7e474f2,,,etherscan
io,2018-10376,,2,SMT,,294,0x55F93985431Fc9304077687a35A1BA103dC1e081,v0.4.18+commit.9cf6e910,v0.4.18+commit.9cf6e910,False,,
io,2018-12068,,17,MyAdvancedToken,,171,0xac3da587eac229c9896d919abc235ca4fd7f72c1,v0.4.11+commit.68ef5810,v0.4.11+commit.68ef5810,False,,
io,2018-13191,,97,SuperCarbonCoinToken,,287,0xcd2DDEc1150Ded7A28834169683A0DBc93a782c2,v0.4.21+commit.dfe3193c,v0.4.21+commit.dfe3193c,False,,
ls,0x7bd9084fdd5d021c226918d86c0721cb088b9b4a,,26,MultiSend,,40,0x7bd9084fdd5d021c226918d86c0721cb088b9b4a,v0.4.25+,v0.4.20+commit.3155dd80,,,
ls,0xf34839b310097fcb4cf3a302dda8cc9b57501083,,47,SACO,,220,0xf34839b310097fcb4cf3a302dda8cc9b57501083,v0.4.25+,v0.4.24+commit.e67f0147,,,
ls,wallet_04_confused_sign,,8,Wallet,,42,,v0.4.25+,v0.4.25+commit.59dbf8f1,,,
io,2018-13507,,182,SLCAdvancedToken,,248,0xcf1c5b13631cd64786f33b071bf632704d4397d4,v0.4.16+commit.d7661dd9,v0.4.16+commit.d7661dd9,False,,
io,2018-13738,,387,PELOCoinToken,,713,0x121c6e0613317a98cc14a9d379e2abe546ba980c,v0.4.19+commit.c4cbbb05,v0.4.19+commit.c4cbbb05,False,,
io,2018-10299,,1,BecToken,,299,0xc5d105e63711398af9bbff092d4b6769c82f793d,v0.4.19+commit.c4cbbb05,v0.4.19+commit.c4cbbb05,False,,
io,2018-13739,,388,dopnetwork,,202,0xec80c5bfdde9ffd66547a80986403f5ae2831888,v0.4.18+commit.9cf6e910,v0.4.18+commit.9cf6e910,False,,
io,2018-13513,,187,Ubiou,,244,0x8361638cf6ee3d6587f8435523cbeffd23b826ff,v0.4.24-nightly.2018.5.10+commit.85d417a8,v0.4.24-nightly.2018.5.10+commit.85d417a8,False,,
ls,0xd7290307c040f4089f8650b7f7aac3cfe39cd6bd,,41,UEXCloudToken,,291,0xd7290307c040f4089f8650b7f7aac3cfe39cd6bd,v0.4.25+,v0.4.24+commit.e67f0147,,,
io,2018-13662,,320,WorldOpctionChain,,244,0x09fe365076429a478f8b5391de59c362d3ab5004,v0.4.16+commit.d7661dd9,v0.4.16+commit.d7661dd9,False,,
ls,0x2120887e9e4889653770b228ee8d13231d0ef045_2,,70,VE,,638,0x2120887e9e4889653770b228ee8d13231d0ef045,v0.4.25+,v0.4.24+commit.e67f0147,,,
ls,0x9ac4883b0226fb37fa362dbd76564c539c4f0ee6_1,,72,ReferStorage,,252,0x9ac4883b0226fb37fa362dbd76564c539c4f0ee6,v0.4.25+,v0.5.16+commit.9c3226ce,,,
io,2018-10468,,3,UselessEthereumToken,,146,0x27f706edde3aD952EF647Dd67E24e38CD0803DD6,v0.4.11+commit.68ef5810,v0.4.11+commit.68ef5810,False,,
io,2018-13041,,24,LinkToken,,190,0xE2E6D4BE086c6938B53B22144855eef674281639,v0.4.8+commit.60cc1668,v0.4.8+commit.60cc1668,False,,
io,2018-13177,,83,MiningRigRentalsToken,,193,0x5d4df6dd12fc56a31e2550efd6414e47a676ecef,v0.4.21+commit.dfe3193c,v0.4.21+commit.dfe3193c,False,,
io,2018-13773,,420,NetkillerToken,,181,0x6333050C7a025027B51A8039CbAfd2584933299d,v0.4.21+commit.dfe3193c,v0.4.21+commit.dfe3193c,False,,
io,2018-13534,,207,SpeedCashTokenContract,,253,0x4907992735804D10FA5e96C07A5d77a79543B691,v0.4.20+commit.3155dd80,v0.4.20+commit.3155dd80,False,,
ls,0xb5c0e43a6330b9eb904ec57ea24d70269ae4652e,,36,Zapit,,127,0xb5c0e43a6330b9eb904ec57ea24d70269ae4652e,v0.4.25+,v0.4.19+commit.c4cbbb05,,,
re,etherbank,,1,EtherBank,24,24,,v0.4.25+,v0.4.25+,,,smartbugs
io,2018-13638,,298,Bitpark,,202,0x38c04d415f6740c7700185533a64b5f44cbf684c,v0.4.18+commit.9cf6e910,v0.4.18+commit.9cf6e910,False,,
ls,parity_wallet_bug_2,,3,WalletLibrary,,406,,v0.4.25+,v0.4.25+commit.59dbf8f1,,,
ls,0xb34aa41593deabb2b17e7507e3e413c58f6e0c71,,34,EthPyramid,,494,0xb34aa41593deabb2b17e7507e3e413c58f6e0c71,v0.4.25+,v0.4.18+commit.9cf6e910,,,
io,2018-13653,,312,ipshoots,,202,0x3ba5a8d30a598c58558f11d8347f76dd6f1d05f6,v0.4.18+commit.9cf6e910,v0.4.18+commit.9cf6e910,False,,
ls,0xf55a32f0107523c14027c4a1e6177cd7291395a0,,49,EUXLinkToken,,292,0xf55a32f0107523c14027c4a1e6177cd7291395a0,v0.4.25+,v0.4.24+commit.e67f0147,,,
io,2018-13538,,210,SIPCToken,,244,0x2a3ba8a83bbbc3c3c9ea8c786b8e0d536d36919a,v0.4.21-nightly.2018.2.23+commit.cae6cc2c,v0.4.21-nightly.2018.2.23+commit.cae6cc2c,False,,
ls,0xa21c9a3ae47103b1fd1dfa04766c4d00c19e1ff6,,32,CryptoOscarsToken,,426,0xa21c9a3ae47103b1fd1dfa04766c4d00c19e1ff6,v0.4.25+,v0.4.20+commit.3155dd80,,,
io,2018-14002,,430,MP3Coin,,83,0x5aD6Dc0A267693c8A14AC9fF2A29c7D63A3d96c2,v0.4.18+commit.9cf6e910,v0.4.18+commit.9cf6e910,False,,
ls,0xa7ca36f7273d4d38fc2aec5a454c497f86728a7a,,33,PonziTokenV3,,282,0xa7ca36f7273d4d38fc2aec5a454c497f86728a7a,v0.4.25+,v0.4.18+commit.9cf6e910,,,
io,2018-13511,,185,CorelliCoin,,220,0x848a4afd7b2d0979bd9b97f5bf6874c07ea95037,v0.4.21+commit.dfe3193c,v0.4.21+commit.dfe3193c,False,,
io,2018-13171,,77,LadaToken,,250,0xb463ffd52534720186eb18b3b90a94bf12d61619,v0.4.24+commit.e67f0147,v0.4.24+commit.e67f0147,False,,
ls,0x0208a56ea43c3ff6c2611071948794c2674a16b9_1,,81,ERBIUMCOIN,,204,0x0208a56ea43c3ff6c2611071948794c2674a16b9,v0.4.25+,v0.4.18+commit.9cf6e910,,,
ls,0xfc1078a7bb4521881663df4148434acd991af14c_3,,96,FSK,,373,0xfc1078a7bb4521881663df4148434acd991af14c,v0.4.25+,v0.5.11+commit.c082d0b4,,,
ls,0x05f8b281410c9327a1bbf508db380fd967c31df6,,9,MyAdvancedToken,,265,0x05f8b281410c9327a1bbf508db380fd967c31df6,v0.4.25+,v0.4.16+commit.d7661dd9,,,
ls,0x0f7524d64ceb92dae1d1a56b20b6d520134795d4,,11,POWHClone,,282,0x0f7524d64ceb92dae1d1a56b20b6d520134795d4,v0.4.25+,v0.4.20-nightly.2018.1.6+commit.2548228b,,,
io,2018-13759,,407,BIGCAdvancedToken,,152,0x574fab3ce9a7c0cf2d4d774370839bc86ca59787,v0.4.16+commit.d7661dd9,v0.4.16+commit.d7661dd9,False,,
io,2018-13539,,211,Bcxss,,122,0x2021526a4a62a70f52c0340b0f67740a08b94e01,v0.4.24+commit.e67f0147,v0.4.24+commit.e67f0147,False,,
io,2018-14005,,433,MalaysianCoin,,255,0x8EEb73BEFd9285d686d6Cf7649Ed657514a714CB,v0.4.19+commit.c4cbbb05,v0.4.19+commit.c4cbbb05,False,,
io,2018-13741,,390,ABLGenesisToken,,235,0x4253d9142bc0537b46a0d8dc31f014bb1bb3096a,v0.4.20+commit.3155dd80,v0.4.20+commit.3155dd80,False,,
ls,0x42e98f6ed27fc8f76118efb7d4fe9a254bf3bcc9_3,,80,GAWToken,,246,0x42e98f6ed27fc8f76118efb7d4fe9a254bf3bcc9,v0.4.25+,v0.4.18+commit.9cf6e910,,,
io,2018-13084,,41,GoodTimeCoin,,151,0x584a0EC8A7A3fcfEd27Db5C234A9062863883778,v0.4.21-nightly.2018.2.15+commit.f4aa05f3,v0.4.21-nightly.2018.2.15+commit.f4aa05f3,False,,
ls,0x9ac4883b0226fb37fa362dbd76564c539c4f0ee6_3,,74,ReferStorage,,252,0x9ac4883b0226fb37fa362dbd76564c539c4f0ee6,v0.4.25+,v0.5.16+commit.9c3226ce,,,
ls,simple_suicide,,5,SimpleSuicide,,16,,v0.4.25+,v0.4.25+commit.59dbf8f1,,,
io,2018-13231,,134,EnterToken,,171,0xb1bd9e21ccbec1102e61e6613bdd018eaa24c77b,v0.4.16+commit.d7661dd9,v0.4.16+commit.d7661dd9,False,,
ls,0x42e98f6ed27fc8f76118efb7d4fe9a254bf3bcc9_2,,79,GAWToken,,246,0x42e98f6ed27fc8f76118efb7d4fe9a254bf3bcc9,v0.4.25+,v0.4.18+commit.9cf6e910,,,
re,reentrance,,4,Reentrance,32,32,,v0.4.25+,v0.4.25+,,,smartbugs
re,0xcf63ec4ee1b5ba3593aad05f7201ba586fec9aef_2,,32,CommissionsStudio,258,258,0xcf63ec4ee1b5ba3593aad05f7201ba586fec9aef,v0.8.4+commit.c7e474f2,v0.8.4+commit.c7e474f2,,,etherscan
re,0x4e73b32ed6c35f570686b89848e5f39f20ecc106,,14,PRIVATE_ETH_CELL,96,96,0x4e73b32ed6c35f570686b89848e5f39f20ecc106,v0.4.19+commit.c4cbbb05,v0.4.19+commit.c4cbbb05,,,smartbugs
io,2018-11446,,10,GRX,,432,0x219218f117dc9348b358b8471c55a073e5e0da0b,v0.4.16+commit.d7661dd9,v0.4.16+commit.d7661dd9,False,,
io,2018-13480,,157,QRG,,244,0xffaa5ffc455d9131f8a2713a741fd1960330508b,v0.4.23+commit.124ca40d,v0.4.23+commit.124ca40d,False,,
ls,0x34BC9A332350A41374aa650f1152C8D88e35a878_1,,65,GuessTheNumberGame,,141,0x34BC9A332350A41374aa650f1152C8D88e35a878,v0.4.25+,v0.5.11+commit.c082d0b4,,,
io,2018-13522,,196,EXGROUP,,212,0xa7a3de21f9505eaa8a4d34ae2d5497f8d5df35c2,v0.4.19-nightly.2017.11.11+commit.284c3839,v0.4.19-nightly.2017.11.11+commit.284c3839,False,,
ls,0x13a517751318cce71a524006b16f7930b3515ccf,,12,Sota,,266,0x13a517751318cce71a524006b16f7930b3515ccf,v0.4.25+,v0.4.25+commit.59dbf8f1,,,
io,2018-13227,,130,MoneyChainNetToken,,172,0x77727EF417696F95A10652cF2d02d6421DDA5048,v0.4.17+commit.bdeb9e52,v0.4.17+commit.bdeb9e52,False,,
ls,0x3bcaf56923335062e8f272d011efd2e40fa42147,,17,SML,,216,0x3bcaf56923335062e8f272d011efd2e40fa42147,v0.4.25+,v0.4.11+commit.68ef5810,,,
io,2018-13740,,389,OneChain,,177,0x6b17bfa6930e7490ebd2874cef490074708f36b9,v0.4.18+commit.9cf6e910,v0.4.18+commit.9cf6e910,False,,
io,2018-12070,,18,SEC,,269,0xc6689eb9a6d724b8d7b1d923ffd65b7005da1b62,v0.4.18+commit.9cf6e910,v0.4.18+commit.9cf6e910,False,,
tx,0xa4caf5dd785ec2557aed294243f2f159e40c4830_1,,6,VeloToken,445,445,0xa4caf5dd785ec2557aed294243f2f159e40c4830,v0.8.4+commit.c7e474f2,v0.8.4+commit.c7e474f2,,,etherscan
re,0xe610af01f92f19679327715b426c35849c47c657,,24,PIGGY_BANK,74,74,0xe610af01f92f19679327715b426c35849c47c657,v0.4.19+commit.c4cbbb05,v0.4.19+commit.c4cbbb05,,,soda
io,2018-14003,,431,WMCToken,,200,0x47427A4921bdF2b3ac75eCF53193A5265aF4a12F,v0.4.16+commit.d7661dd9,v0.4.16+commit.d7661dd9,False,,
ls,0x310b15ad0a8b282ee8011d91c79feba80cb179c8,,15,NumbersToken,,282,0x310b15ad0a8b282ee8011d91c79feba80cb179c8,v0.4.25+,v0.4.19+commit.c4cbbb05,,,
io,2018-13545,,216,HashShield,,235,0x4d9b86A39D73101a8dB6E1b4Aa8c1ecfDc3F956E,v0.4.19+commit.c4cbbb05,v0.4.19+commit.c4cbbb05,False,,
io,2018-13544,,215,Numisma,,242,0x31243ce202f30d4aa4ed723b927fa8731cb951e9,v0.4.20+commit.3155dd80,v0.4.20+commit.3155dd80,False,,
io,2018-11411,,8,DimonCoin,,126,0xf084d5bc3e35e3d903260267ebd545c49c6013d0,v0.4.16+commit.d7661dd9,v0.4.16+commit.d7661dd9,False,,
io,2018-13697,,350,RobotBTC,,251,0x9ab4fd2234d75cfa894c394b367e48055b531e56,v0.4.18+commit.9cf6e910,v0.4.18+commit.9cf6e910,False,,
io,2018-13493,,169,DaddyToken,,344,0x81a9ebfdcd87cd291eb5e5260901a898df3bdafd,v0.4.16+commit.d7661dd9,v0.4.16+commit.d7661dd9,False,,
re,0xD94B52bC3dA27D95e35e5e1b6D5fBb802ec9fd95_1,,44,PingPong,638,638,0xD94B52bC3dA27D95e35e5e1b6D5fBb802ec9fd95,v0.6.12+commit.27d51765,v0.6.12+commit.27d51765,,,etherscan
io,2018-13528,,201,DhaCoin,,244,0xaA70bC3e835e12D6902a8E4dA77db4842e519c42,v0.4.21+commit.dfe3193c,v0.4.21+commit.dfe3193c,False,,
io,2018-13710,,362,Mjolnir,,263,0x688dc3f750ae8ea87372ed31b6f3141c86a6e01f,v0.4.24+commit.e67f0147,v0.4.24+commit.e67f0147,False,,
ls,0x11eba93a0a852fd34002f5411e1663cf864edb8b_1,,60,Morality,,247,0x11eba93a0a852fd34002f5411e1663cf864edb8b,v0.4.25+,v0.5.11+commit.c082d0b4,,,
io,2018-11239,,6,Hexagon,,102,0xB5335e24d0aB29C190AB8C2B459238Da1153cEBA,v0.4.18+commit.9cf6e910,v0.4.18+commit.9cf6e910,False,,
io,2018-13170,,76,SnoqualmieCoin,,220,0x801dd252e6B185c56b6e868f46a94D2896A80476,v0.4.21+commit.dfe3193c,v0.4.21+commit.dfe3193c,False,,
re,0x903643251af408a3c5269c836b9a2a4a1f04d1cf,,25,SysEscrow,168,168,0x903643251af408a3c5269c836b9a2a4a1f04d1cf,v0.4.19+commit.c4cbbb05,v0.4.19+commit.c4cbbb05,,,soda
io,2018-13179,,85,AirContactToken,,167,0x9Cc3AFa655fbdD796b60c171C5aBe2Be5306599D,v0.4.11+commit.68ef5810,v0.4.11+commit.68ef5810,False,,
io,2018-13555,,224,JaxBox,,269,0xea7A3213b47099E3368F8f9A5f382540C80c2eB9,v0.4.17+commit.bdeb9e52,v0.4.17+commit.bdeb9e52,False,,
io,2018-13071,,28,CCindexToken,,227,0xAb3a93b317DeF7426C8345538690036cB92A11E6,v0.4.19-nightly.2017.11.11+commit.284c3839,v0.4.19-nightly.2017.11.11+commit.284c3839,False,,
io,2018-13654,,313,ESTSToken,,244,0x054ad3cd4a66f14bf5c0de2548a53be66995a4f6,v0.4.19+commit.c4cbbb05,v0.4.19+commit.c4cbbb05,False,,
io,2018-12067,,16,MyAdvancedToken,,171,0x12480e24eb5bec1a9d4369cab6a80cad3c0a377a,v0.4.11+commit.68ef5810,v0.4.11+commit.68ef5810,False,,
io,2018-13081,,38,GZSToken,,167,0xA1f87895550EAc6a8e9E4318466F482612a5986D,v0.4.11+commit.68ef5810,v0.4.11+commit.68ef5810,False,,
ls,0x50430b6201c9859c91a5590ac71700cc71499a0e,,21,GetPaid,,356,0x50430b6201c9859c91a5590ac71700cc71499a0e,v0.4.25+,v0.4.24+commit.e67f0147,,,
ls,0x0d0edbcf2c0da25ac9a79c9466989e46a8f96221_2,,64,MyEthDice,,130,0x0d0edbcf2c0da25ac9a79c9466989e46a8f96221,v0.4.25+,v0.5.12+commit.7709ece9,,,
io,2018-11429,,9,ATL,,165,0x78b7fada55a64dd895d8c8c35779dd8b67fa8a05,v0.4.16+commit.d7661dd9,v0.4.16+commit.d7661dd9,False,,
re,0x999d114147fde648419dfdab653959c63ae139c4_1,,30,TXJPInitialOffering,656,656,0x999d114147fde648419dfdab653959c63ae139c4,v0.6.12+commit.27d51765,v0.6.12+commit.27d51765,,,etherscan
io,2018-13729,,380,JPMD100B,,267,0xec4A8dBBc717Af02E570B3FBA82Bb13b83C3D32d,v0.4.17+commit.bdeb9e52,v0.4.17+commit.bdeb9e52,False,,
io,2018-13193,,99,hentaisolo,,202,0x733172c38a6956206c9d4a902fd8a045c7f822f0,v0.4.18+commit.9cf6e910,v0.4.18+commit.9cf6e910,False,,
re,0xE52A2A7B8dACe2ff8cdC64EabB605821A393474D_2,,41,ArtBlocksBroker,170,170,0xE52A2A7B8dACe2ff8cdC64EabB605821A393474D,v0.8.2+commit.661d1103,v0.8.2+commit.661d1103,,,etherscan
io,2018-13209,,113,NectarCoin,,171,0x5e0D4C7713914d17989Ff5Bcdfa5583dD714e65F,v0.4.17+commit.bdeb9e52,v0.4.17+commit.bdeb9e52,False,,
io,2018-13624,,284,WXSLToken,,244,0xf26a3792ac7bc158f9c2df197be569d4842c24be,v0.4.21+commit.dfe3193c,v0.4.21+commit.dfe3193c,False,,
io,2018-13644,,303,RoyalClassicCoin,,162,0xf3f208c2c56c65abea965acd82b1a196528cfc0c,v0.4.18+commit.9cf6e910,v0.4.18+commit.9cf6e910,False,,
io,2018-13489,,165,OllisCoin,,211,0x1db7f8171d82f9fc009f207cd80dd00a54b77560,v0.4.19-nightly.2017.11.30+commit.f5a2508e,v0.4.19-nightly.2017.11.30+commit.f5a2508e,False,,
io,2018-13159,,65,bankcoin,,202,0xf3836bc7415dfb67b4bf8427e37705b1a81e1173,v0.4.18+commit.9cf6e910,v0.4.18+commit.9cf6e910,False,,
ls,incorrect_constructor_name1,,1,Missing,,34,,v0.4.25+,v0.4.25+commit.59dbf8f1,,,
io,2018-13212,,116,EthereumLegit,,171,0xbaf9d121d6447b19e95f48fad834a0dff1a92691,v0.4.19-nightly.2017.11.11+commit.284c3839,v0.4.19-nightly.2017.11.11+commit.284c3839,False,,
io,2018-14088,,439,STeX_WL,,188,0x1f31D1168efE4bD22D00D31FC425e5BcB54c75E7,v0.4.19+commit.c4cbbb05,v0.4.19+commit.c4cbbb05,False,,
io,2018-13705,,357,PMHToken,,315,0xa52c8371d379d7036a862673b08bd73faf4660fd,v0.4.23+commit.124ca40d,v0.4.23+commit.124ca40d,False,,
re,0xE52A2A7B8dACe2ff8cdC64EabB605821A393474D_1,,40,ArtBlocksBroker,170,170,0xE52A2A7B8dACe2ff8cdC64EabB605821A393474D,v0.8.2+commit.661d1103,v0.8.2+commit.661d1103,,,etherscan
io,2018-13563,,231,UPayToken,,244,0x3ddf7d2cc9b0ddb126bb4ca4fa77ffdf08420578,v0.4.16+commit.d7661dd9,v0.4.16+commit.d7661dd9,False,,
io,2018-13174,,80,CryptoABS,,202,0x8ce9411df545d6b51a9bc52a89e0f6d1b54a06dd,v0.4.18+commit.9cf6e910,v0.4.18+commit.9cf6e910,False,,
re,0x7541b76cb60f4c60af330c208b0623b7f54bf615,,15,U_BANK,85,85,0x7541b76cb60f4c60af330c208b0623b7f54bf615,v0.4.25+commit.59dbf8f1,v0.4.25+commit.59dbf8f1,,,smartbugs
ls,0x0d0edbcf2c0da25ac9a79c9466989e46a8f96221_1,,63,MyEthDice,,130,0x0d0edbcf2c0da25ac9a79c9466989e46a8f96221,v0.4.25+,v0.5.12+commit.7709ece9,,,
re,0x1223730bae7fd3d2fe1e7948b0a90c8a9f3b8446_1,,42,BigShortBets,81,81,0x1223730bae7fd3d2fe1e7948b0a90c8a9f3b8446,v0.8.1+commit.df193b15,v0.8.1+commit.df193b15,,,etherscan
